<?xml version="1.0" encoding="utf-8"?>
<extension version="3.1" type="plugin" group="system" method="upgrade">
    <name>jFap</name>
    <author>Alessandro Pasotti - ItOpen</author>
    <creationDate>2015-02-09</creationDate>
    <copyright>Copyright (C) 2010-2015 ItOpen. All rights reserved.</copyright>
    <license>http://www.fsf.org/licensing/licenses/agpl-3.0.htm GNU/Affero</license>
    <authorEmail>info@itopen.it</authorEmail>
    <authorUrl>www.itopen.org</authorUrl>
    <version>3.13</version>
    <description>This FAP plugin fixes some common accessibility problems.</description>
    <files>
        <filename plugin="jfap">jfap.php</filename>
    </files>

    <updateservers>
        <server type="extension" priority="1" name="Server Aggiornamenti ItOpen">http://www.itopen.it/joomla-updater?o=plg_jfap_system</server>
    </updateservers>

</extension>
