<?xml version="1.0" encoding="utf-8"?>
<extension type="component" version="3.0" method="upgrade">
    <name>AccessKeys</name>
    <creationDate>2014-04-12</creationDate>
    <author>Alessandro Pasotti - ItOpen</author>
    <authorUrl>http://www.itopen.it</authorUrl>
    <copyright>Copyright 2013 ItOpen</copyright>
    <license>GNU/GPL</license>
    <version>3.5</version>
    <description>
        <![CDATA[
                 Componente per le accesskey
                 ]]>
    </description>


    <updateservers>
        <server type="extension" priority="1" name="Server Aggiornamenti ItOpen">http://www.itopen.it/joomla-updater?o=com_accesskeys</server>
    </updateservers>

    <installfile>install.accesskeys.php</installfile>
    <install> <!-- Runs on install -->
        <sql>
            <file driver="mysql" charset="utf8">sql/install.mysql.utf8.sql</file>
        </sql>
    </install>
    <uninstall> <!-- Runs on uninstall -->
        <sql>
            <file driver="mysql" charset="utf8">sql/uninstall.mysql.utf8.sql</file>
        </sql>
    </uninstall>
    <update> <!-- Runs on update; New in 1.6 -->
        <schemas>
            <schemapath type="mysql">sql/updates/mysql</schemapath>
        </schemas>
    </update>

    <files folder="site">
    </files>

    <languages>
    </languages>

    <media destination="com_accesskeys" folder="media">
        <folder>images</folder>
    </media>

    <administration>
        <menu>COM_ACCESSKEYS_MENU</menu>
        <files folder="admin">
            <filename>index.html</filename>

            <!--<filename>config.xml</filename>
            <filename>access.xml</filename>-->

            <filename>accesskeys.php</filename>
            <filename>controller.php</filename>

            <!-- SQL files section -->
            <folder>sql</folder>
            <!-- tables files section -->
            <folder>tables</folder>
            <!-- models files section -->
            <folder>models</folder>
            <!-- views files section -->
            <folder>views</folder>
            <!-- controllers files section -->
            <folder>controllers</folder>
            <!-- helpers files section -->
            <folder>helpers</folder>
            <folder>language</folder>
        </files>



    </administration>
</extension>
